/* 
PROMPT TO GENERATE DATA
"Provide the insertion queries used to populate the database, whose relational model is:
Set(set_code PK, set_name, set_date)
Rarity(rarity_id PK, rarity_name)
Format(format_id PK, format_name)
Artist(artist_id PK, artist_fname, artist_lname)
Color(color_name PK)
Subtype(subtype_name PK)
Type(type_name PK)
Card(card_id PK, card_name, card_price, card_converted_mana_cost, legendary, token, #set_code, #rarity_id, #artist_id)
Is_Of_Type(#card_id PK/FK, #type_name PK/FK)
Is_Of_Subtype(#card_id PK/FK, #subtype_name PK/FK)
Is_Of_Color(#card_id PK/FK, #color_name PK/FK)
Format_Legality(#card_id PK/FK, #format_id PK/FK, legality_status)

Primary keys correspond to IDs, unless otherwise specified.
Foreign keys are identified by # and have the same name as the primary keys to which they refer.

Generate coherent sample data for a Magic: The Gathering database.
There must be:
- 8 rows for c_set
- 4 rows for rarity
- 8 rows for c_format
- 15 rows for artist
- 6 rows for color
- 8 rows for c_type
- 20 rows for subtype
- 30 rows for cards
- enough rows in is_of_type, is_of_subtype and is_of_color so every card has at least one type and colors/subtypes when appropriate
- EXACTLY ONE legality row for EVERY (card_id, format_id) pair, so each of the 30 cards has 8 legality rows, one for each format, for a total of 240 rows in format_legality
- respect the composite primary key of format_legality(card_id, format_id), so no duplicate pairs
Foreign keys must refer to existing primary keys: provide insertions starting with tables
without foreign keys, then the dependent tables.
The data must comply with these validation constraints:
ALTER TABLE rarity ADD CONSTRAINT chk_rarity_name CHECK (rarity_name IN ('Common', 'Uncommon', 'Rare', 'Mythic'));
ALTER TABLE c_format ADD CONSTRAINT chk_format_name CHECK (format_name IN ('Standard', 'Pioneer', 'Modern', 'Legacy', 'Vintage', 'Commander', 'Historic', 'Pauper'));
ALTER TABLE format_legality ADD CONSTRAINT chk_legality_status CHECK (legality_status IN ('Legal', 'Not legal', 'Restricted', 'Forbidden'));

Make sure artist names refer to various origins and are mixed.
Provide the result as an SQL script ready to be executed."
*/
USE MagicTheGatheringDB;

INSERT INTO c_set (set_code, set_name, set_date) VALUES
('AUR', 'Aurora Clash', '2021-02-12'),
('DRK', 'Darkmoon Rising', '2021-10-01'),
('TID', 'Tides of Insight', '2022-04-22'),
('FRG', 'Forge of Titans', '2022-11-18'),
('WLD', 'Wildroot Rebellion', '2023-06-09'),
('ETH', 'Ethereal Crown', '2024-01-26'),
('RFT', 'Riftbreak', '2024-09-13'),
('NVA', 'Nova Dominion', '2025-03-07');

INSERT INTO rarity (rarity_id, rarity_name) VALUES
(1, 'Common'),
(2, 'Uncommon'),
(3, 'Rare'),
(4, 'Mythic');

INSERT INTO c_format (format_id, format_name) VALUES
(1, 'Standard'),
(2, 'Pioneer'),
(3, 'Modern'),
(4, 'Legacy'),
(5, 'Vintage'),
(6, 'Commander'),
(7, 'Historic'),
(8, 'Pauper');

INSERT INTO artist (artist_id, artist_fname, artist_lname) VALUES
(1, 'Aiko', 'Tanaka'),
(2, 'Mateo', 'Silva'),
(3, 'Leila', 'Haddad'),
(4, 'Sven', 'Lindberg'),
(5, 'Priya', 'Natarajan'),
(6, 'Noah', 'Mensah'),
(7, 'Camila', 'Rojas'),
(8, 'Yusuf', 'Demir'),
(9, 'Elena', 'Petrova'),
(10, 'Hugo', 'Moreau'),
(11, 'Mina', 'Park'),
(12, 'Thiago', 'Costa'),
(13, 'Soraya', 'Benali'),
(14, 'Luka', 'Kovacevic'),
(15, 'Nadia', 'Volkova');

INSERT INTO color (color_name) VALUES
('White'),
('Blue'),
('Black'),
('Red'),
('Green'),
('Colorless');

INSERT INTO c_type (type_name) VALUES
('Creature'),
('Instant'),
('Sorcery'),
('Artifact'),
('Enchantment'),
('Land'),
('Planeswalker'),
('Battle');

INSERT INTO subtype (subtype_name) VALUES
('Angel'),
('Wizard'),
('Dragon'),
('Elf'),
('Goblin'),
('Zombie'),
('Knight'),
('Spirit'),
('Elemental'),
('Merfolk'),
('Vampire'),
('Soldier'),
('Beast'),
('Treefolk'),
('Demon'),
('Cleric'),
('Construct'),
('Phoenix'),
('Scout'),
('Aura');

INSERT INTO cards
(card_id, card_name, card_price, card_converted_mana_cost, legendary, token, set_code, rarity_id, artist_id) VALUES
(1, 'Aurora Shieldmate', 0.25, 2, FALSE, FALSE, 'AUR', 1, 1),
(2, 'Mistveil Scholar', 0.40, 3, FALSE, FALSE, 'AUR', 2, 2),
(3, 'Gravebound Acolyte', 0.35, 2, FALSE, FALSE, 'AUR', 1, 3),
(4, 'Cinderpeak Raider', 0.30, 2, FALSE, FALSE, 'AUR', 1, 4),
(5, 'Verdant Pathmaker', 0.45, 3, FALSE, FALSE, 'DRK', 2, 5),
(6, 'Clockwork Relic', 1.20, 2, FALSE, FALSE, 'DRK', 2, 6),
(7, 'Sunspire Archangel', 4.50, 5, FALSE, FALSE, 'DRK', 3, 7),
(8, 'Tidecall Adept', 0.20, 1, FALSE, FALSE, 'TID', 1, 8),
(9, 'Necropolis Warden', 3.80, 4, FALSE, FALSE, 'TID', 3, 9),
(10, 'Stormlash Dragon', 8.90, 6, FALSE, FALSE, 'TID', 4, 10),
(11, 'Rootbloom Ancient', 6.70, 6, FALSE, FALSE, 'FRG', 4, 11),
(12, 'Blade of Hollow Echoes', 2.10, 3, FALSE, FALSE, 'FRG', 3, 12),
(13, 'Liora, Dawn Regent', 12.50, 4, TRUE, FALSE, 'FRG', 4, 13),
(14, 'Kael, Rift Navigator', 9.75, 4, TRUE, FALSE, 'WLD', 4, 14),
(15, 'Mirewhisper Banshee', 1.65, 4, FALSE, FALSE, 'WLD', 2, 15),
(16, 'Ember Rite', 0.15, 1, FALSE, FALSE, 'WLD', 1, 1),
(17, 'Canopy Communion', 0.18, 2, FALSE, FALSE, 'WLD', 1, 2),
(18, 'Citadel of Petals', 3.20, 0, FALSE, FALSE, 'ETH', 3, 3),
(19, 'Runeforge Mentor', 0.55, 3, FALSE, FALSE, 'ETH', 2, 4),
(20, 'Ashen Duelist', 0.28, 2, FALSE, FALSE, 'ETH', 1, 5),
(21, 'Moonlit Intercession', 0.22, 2, FALSE, FALSE, 'RFT', 1, 6),
(22, 'Archive Leviathan', 7.40, 7, FALSE, FALSE, 'RFT', 4, 7),
(23, 'Bloodcourt Sovereign', 5.60, 5, TRUE, FALSE, 'RFT', 3, 8),
(24, 'Wildroot Scout', 0.12, 1, FALSE, FALSE, 'RFT', 1, 9),
(25, 'Prismatic Confluence', 11.90, 5, FALSE, FALSE, 'NVA', 4, 10),
(26, 'Golem of the Seventh Gate', 2.85, 5, FALSE, FALSE, 'NVA', 3, 11),
(27, 'Radiant Infantry Token', 0.05, 1, FALSE, TRUE, 'NVA', 1, 12),
(28, 'Saproling Bloom Token', 0.05, 1, FALSE, TRUE, 'NVA', 1, 13),
(29, 'Obsidian Verdict', 0.95, 3, FALSE, FALSE, 'NVA', 2, 14),
(30, 'Frontier Siege Engine', 4.20, 4, FALSE, FALSE, 'NVA', 3, 15);

INSERT INTO is_of_type (card_id, type_name) VALUES
(1, 'Creature'),
(2, 'Creature'),
(3, 'Creature'),
(4, 'Creature'),
(5, 'Creature'),
(6, 'Artifact'),
(7, 'Creature'),
(8, 'Creature'),
(9, 'Creature'),
(10, 'Creature'),
(11, 'Creature'),
(12, 'Artifact'),
(13, 'Creature'),
(14, 'Planeswalker'),
(15, 'Creature'),
(16, 'Instant'),
(17, 'Sorcery'),
(18, 'Land'),
(19, 'Creature'),
(20, 'Creature'),
(21, 'Instant'),
(22, 'Creature'),
(23, 'Creature'),
(24, 'Creature'),
(25, 'Sorcery'),
(26, 'Artifact'),
(26, 'Creature'),
(27, 'Creature'),
(28, 'Creature'),
(29, 'Sorcery'),
(30, 'Artifact'),
(30, 'Battle');

INSERT INTO is_of_subtype (card_id, subtype_name) VALUES
(1, 'Soldier'),
(2, 'Wizard'),
(3, 'Cleric'),
(3, 'Zombie'),
(4, 'Goblin'),
(5, 'Elf'),
(6, 'Construct'),
(7, 'Angel'),
(8, 'Merfolk'),
(9, 'Zombie'),
(10, 'Dragon'),
(11, 'Treefolk'),
(12, 'Aura'),
(13, 'Angel'),
(14, 'Scout'),
(15, 'Spirit'),
(19, 'Wizard'),
(20, 'Knight'),
(22, 'Elemental'),
(23, 'Vampire'),
(24, 'Scout'),
(26, 'Construct'),
(27, 'Soldier'),
(28, 'Beast'),
(30, 'Construct');

INSERT INTO is_of_color (card_id, color_name) VALUES
(1, 'White'),
(2, 'Blue'),
(3, 'Black'),
(4, 'Red'),
(5, 'Green'),
(6, 'Colorless'),
(7, 'White'),
(8, 'Blue'),
(9, 'Black'),
(10, 'Red'),
(11, 'Green'),
(12, 'Colorless'),
(13, 'White'),
(14, 'Blue'),
(14, 'Red'),
(15, 'Black'),
(16, 'Red'),
(17, 'Green'),
(18, 'Colorless'),
(19, 'Blue'),
(20, 'Red'),
(21, 'White'),
(22, 'Blue'),
(23, 'Black'),
(24, 'Green'),
(25, 'White'),
(25, 'Blue'),
(25, 'Black'),
(25, 'Red'),
(25, 'Green'),
(26, 'Colorless'),
(27, 'White'),
(28, 'Green'),
(29, 'Black'),
(30, 'Colorless');

INSERT INTO format_legality (card_id, format_id, legality_status) VALUES
(1, 1, 'Legal'),
(1, 2, 'Legal'),
(1, 3, 'Legal'),
(1, 4, 'Legal'),
(1, 5, 'Legal'),
(1, 6, 'Legal'),
(1, 7, 'Legal'),
(1, 8, 'Legal'),
(2, 1, 'Legal'),
(2, 2, 'Legal'),
(2, 3, 'Legal'),
(2, 4, 'Legal'),
(2, 5, 'Legal'),
(2, 6, 'Legal'),
(2, 7, 'Legal'),
(2, 8, 'Not legal'),
(3, 1, 'Legal'),
(3, 2, 'Legal'),
(3, 3, 'Legal'),
(3, 4, 'Legal'),
(3, 5, 'Legal'),
(3, 6, 'Legal'),
(3, 7, 'Legal'),
(3, 8, 'Legal'),
(4, 1, 'Legal'),
(4, 2, 'Legal'),
(4, 3, 'Legal'),
(4, 4, 'Legal'),
(4, 5, 'Legal'),
(4, 6, 'Legal'),
(4, 7, 'Legal'),
(4, 8, 'Legal'),
(5, 1, 'Legal'),
(5, 2, 'Legal'),
(5, 3, 'Legal'),
(5, 4, 'Legal'),
(5, 5, 'Legal'),
(5, 6, 'Legal'),
(5, 7, 'Legal'),
(5, 8, 'Legal'),
(6, 1, 'Legal'),
(6, 2, 'Legal'),
(6, 3, 'Legal'),
(6, 4, 'Legal'),
(6, 5, 'Legal'),
(6, 6, 'Legal'),
(6, 7, 'Legal'),
(6, 8, 'Legal'),
(7, 1, 'Legal'),
(7, 2, 'Legal'),
(7, 3, 'Legal'),
(7, 4, 'Legal'),
(7, 5, 'Legal'),
(7, 6, 'Legal'),
(7, 7, 'Legal'),
(7, 8, 'Not legal'),
(8, 1, 'Legal'),
(8, 2, 'Legal'),
(8, 3, 'Legal'),
(8, 4, 'Legal'),
(8, 5, 'Legal'),
(8, 6, 'Legal'),
(8, 7, 'Legal'),
(8, 8, 'Legal'),
(9, 1, 'Legal'),
(9, 2, 'Legal'),
(9, 3, 'Legal'),
(9, 4, 'Legal'),
(9, 5, 'Legal'),
(9, 6, 'Legal'),
(9, 7, 'Legal'),
(9, 8, 'Not legal'),
(10, 1, 'Legal'),
(10, 2, 'Legal'),
(10, 3, 'Legal'),
(10, 4, 'Legal'),
(10, 5, 'Legal'),
(10, 6, 'Legal'),
(10, 7, 'Not legal'),
(10, 8, 'Not legal'),
(11, 1, 'Legal'),
(11, 2, 'Legal'),
(11, 3, 'Legal'),
(11, 4, 'Legal'),
(11, 5, 'Legal'),
(11, 6, 'Legal'),
(11, 7, 'Legal'),
(11, 8, 'Not legal'),
(12, 1, 'Legal'),
(12, 2, 'Legal'),
(12, 3, 'Legal'),
(12, 4, 'Legal'),
(12, 5, 'Restricted'),
(12, 6, 'Legal'),
(12, 7, 'Not legal'),
(12, 8, 'Legal'),
(13, 1, 'Legal'),
(13, 2, 'Legal'),
(13, 3, 'Legal'),
(13, 4, 'Legal'),
(13, 5, 'Legal'),
(13, 6, 'Legal'),
(13, 7, 'Not legal'),
(13, 8, 'Not legal'),
(14, 1, 'Not legal'),
(14, 2, 'Legal'),
(14, 3, 'Legal'),
(14, 4, 'Legal'),
(14, 5, 'Legal'),
(14, 6, 'Legal'),
(14, 7, 'Legal'),
(14, 8, 'Not legal'),
(15, 1, 'Legal'),
(15, 2, 'Legal'),
(15, 3, 'Legal'),
(15, 4, 'Legal'),
(15, 5, 'Legal'),
(15, 6, 'Legal'),
(15, 7, 'Legal'),
(15, 8, 'Not legal'),
(16, 1, 'Legal'),
(16, 2, 'Legal'),
(16, 3, 'Legal'),
(16, 4, 'Legal'),
(16, 5, 'Legal'),
(16, 6, 'Legal'),
(16, 7, 'Legal'),
(16, 8, 'Legal'),
(17, 1, 'Legal'),
(17, 2, 'Legal'),
(17, 3, 'Legal'),
(17, 4, 'Legal'),
(17, 5, 'Legal'),
(17, 6, 'Legal'),
(17, 7, 'Legal'),
(17, 8, 'Legal'),
(18, 1, 'Legal'),
(18, 2, 'Legal'),
(18, 3, 'Legal'),
(18, 4, 'Legal'),
(18, 5, 'Legal'),
(18, 6, 'Legal'),
(18, 7, 'Legal'),
(18, 8, 'Not legal'),
(19, 1, 'Legal'),
(19, 2, 'Legal'),
(19, 3, 'Legal'),
(19, 4, 'Legal'),
(19, 5, 'Legal'),
(19, 6, 'Legal'),
(19, 7, 'Legal'),
(19, 8, 'Not legal'),
(20, 1, 'Legal'),
(20, 2, 'Legal'),
(20, 3, 'Legal'),
(20, 4, 'Legal'),
(20, 5, 'Legal'),
(20, 6, 'Legal'),
(20, 7, 'Legal'),
(20, 8, 'Legal'),
(21, 1, 'Legal'),
(21, 2, 'Legal'),
(21, 3, 'Legal'),
(21, 4, 'Legal'),
(21, 5, 'Legal'),
(21, 6, 'Legal'),
(21, 7, 'Legal'),
(21, 8, 'Legal'),
(22, 1, 'Not legal'),
(22, 2, 'Not legal'),
(22, 3, 'Legal'),
(22, 4, 'Legal'),
(22, 5, 'Legal'),
(22, 6, 'Legal'),
(22, 7, 'Forbidden'),
(22, 8, 'Not legal'),
(23, 1, 'Not legal'),
(23, 2, 'Legal'),
(23, 3, 'Legal'),
(23, 4, 'Legal'),
(23, 5, 'Legal'),
(23, 6, 'Legal'),
(23, 7, 'Not legal'),
(23, 8, 'Not legal'),
(24, 1, 'Legal'),
(24, 2, 'Legal'),
(24, 3, 'Legal'),
(24, 4, 'Legal'),
(24, 5, 'Legal'),
(24, 6, 'Legal'),
(24, 7, 'Legal'),
(24, 8, 'Legal'),
(25, 1, 'Not legal'),
(25, 2, 'Legal'),
(25, 3, 'Legal'),
(25, 4, 'Legal'),
(25, 5, 'Legal'),
(25, 6, 'Legal'),
(25, 7, 'Legal'),
(25, 8, 'Not legal'),
(26, 1, 'Legal'),
(26, 2, 'Legal'),
(26, 3, 'Legal'),
(26, 4, 'Legal'),
(26, 5, 'Restricted'),
(26, 6, 'Legal'),
(26, 7, 'Not legal'),
(26, 8, 'Not legal'),
(27, 1, 'Legal'),
(27, 2, 'Legal'),
(27, 3, 'Legal'),
(27, 4, 'Legal'),
(27, 5, 'Legal'),
(27, 6, 'Not legal'),
(27, 7, 'Legal'),
(27, 8, 'Legal'),
(28, 1, 'Legal'),
(28, 2, 'Legal'),
(28, 3, 'Legal'),
(28, 4, 'Legal'),
(28, 5, 'Legal'),
(28, 6, 'Not legal'),
(28, 7, 'Legal'),
(28, 8, 'Legal'),
(29, 1, 'Legal'),
(29, 2, 'Legal'),
(29, 3, 'Legal'),
(29, 4, 'Legal'),
(29, 5, 'Legal'),
(29, 6, 'Legal'),
(29, 7, 'Legal'),
(29, 8, 'Not legal'),
(30, 1, 'Not legal'),
(30, 2, 'Legal'),
(30, 3, 'Legal'),
(30, 4, 'Legal'),
(30, 5, 'Legal'),
(30, 6, 'Legal'),
(30, 7, 'Not legal'),
(30, 8, 'Not legal');
